gameId,homeTeamId,awayTeamId,homeTeamName,awayTeamName,homeTeamAbbr,awayTeamAbbr,leagueName,leagueAbbr,homeTeamScore,awayTeamScore,attendance,venueId,fullName,city,country,fecha,referee,stage,phase,leaguePhase,is_national,is_international,home_country,away_country,home_city,away_city,home_local,away_local,day,month,year,hour,day_week,stadium_max,modpred
760414,451.0,450.0,South Korea,Czechia,KOR,PPD,FIFA World Cup,FIFA World Cup,0.0,0.0,,5009.0,Estadio Akron,Guadalajara,Mexico,2026-06-12 02:00:00+00:00,,"2026 FIFA World Cup, Group Stage",Stage,FIFA World CupStage,True,True,South Korea,Czechia,,,0,0,12,6,2026,2,Friday,46232.0,41783.0
760415,203.0,467.0,Mexico,South Africa,MEX,RSA,FIFA World Cup,FIFA World Cup,0.0,0.0,,1672.0,Estadio Banorte,Mexico City,Mexico,2026-06-11 19:00:00+00:00,,"2026 FIFA World Cup, Group Stage",Stage,FIFA World CupStage,True,True,Mexico,South Africa,,,1,0,11,6,2026,19,Thursday,87000.0,73508.0
760416,206.0,452.0,Canada,Bosnia and Herzegovina,CAN,PPA,FIFA World Cup,FIFA World Cup,0.0,0.0,,10143.0,BMO Field,Toronto,Canada,2026-06-12 19:00:00+00:00,,"2026 FIFA World Cup, Group Stage",Stage,FIFA World CupStage,True,True,Canada,Bosnia and Herzegovina,,,1,0,12,6,2026,19,Friday,45000.0,40174.0
760417,660.0,210.0,United States,Paraguay,USA,PAR,FIFA World Cup,FIFA World Cup,0.0,0.0,,9115.0,SoFi Stadium,Inglewood,United States,2026-06-13 01:00:00+00:00,,"2026 FIFA World Cup, Group Stage",Stage,FIFA World CupStage,True,True,United States,Paraguay,,,1,0,13,6,2026,1,Saturday,72963.0,70378.0
760418,2654.0,580.0,Haiti,Scotland,HAI,SCO,FIFA World Cup,FIFA World Cup,0.0,0.0,,3879.0,Gillette Stadium,Foxborough,United States,2026-06-14 01:00:00+00:00,,"2026 FIFA World Cup, Group Stage",Stage,FIFA World CupStage,True,True,Haiti,Scotland,,,0,0,14,6,2026,1,Sunday,65612.0,47968.0
760419,205.0,2869.0,Brazil,Morocco,BRA,MAR,FIFA World Cup,FIFA World Cup,0.0,0.0,,4727.0,MetLife Stadium,East Rutherford,United States,2026-06-13 22:00:00+00:00,,"2026 FIFA World Cup, Group Stage",Stage,FIFA World CupStage,True,True,Brazil,Morocco,,,0,0,13,6,2026,22,Saturday,82262.0,79793.0
760420,4398.0,475.0,Qatar,Switzerland,QAT,SUI,FIFA World Cup,FIFA World Cup,0.0,0.0,,5960.0,Levi's Stadium,Santa Clara,United States,2026-06-13 19:00:00+00:00,,"2026 FIFA World Cup, Group Stage",Stage,FIFA World CupStage,True,True,Qatar,Switzerland,,,0,0,13,6,2026,19,Saturday,70975.0,60043.0
760421,628.0,465.0,Australia,Türkiye,AUS,PPC,FIFA World Cup,FIFA World Cup,0.0,0.0,,4370.0,BC Place,Vancouver,Canada,2026-06-14 04:00:00+00:00,,"2026 FIFA World Cup, Group Stage",Stage,FIFA World CupStage,True,True,Australia,Türkiye,,,0,0,14,6,2026,4,Sunday,53957.0,47525.0
760422,481.0,11678.0,Germany,Curacao,GER,CUR,FIFA World Cup,FIFA World Cup,0.0,0.0,,6262.0,NRG Stadium,Houston,United States,2026-06-14 17:00:00+00:00,,"2026 FIFA World Cup, Group Stage",Stage,FIFA World CupStage,True,True,Germany,Curacao,,,0,0,14,6,2026,17,Sunday,70925.0,65298.0
760423,4789.0,209.0,Ivory Coast,Ecuador,CIV,ECU,FIFA World Cup,FIFA World Cup,0.0,0.0,,1421.0,Lincoln Financial Field,Philadelphia,United States,2026-06-14 23:00:00+00:00,,"2026 FIFA World Cup, Group Stage",Stage,FIFA World CupStage,True,True,Ivory Coast,Ecuador,,,0,0,14,6,2026,23,Sunday,69879.0,56684.0
760424,466.0,659.0,Sweden,Tunisia,PPB,TUN,FIFA World Cup,FIFA World Cup,0.0,0.0,,6351.0,Estadio BBVA,Guadalupe,Mexico,2026-06-15 02:00:00+00:00,,"2026 FIFA World Cup, Group Stage",Stage,FIFA World CupStage,True,True,Sweden,Tunisia,,,0,0,15,6,2026,2,Monday,53454.0,51605.0
760425,449.0,627.0,Netherlands,Japan,NED,JPN,FIFA World Cup,FIFA World Cup,0.0,0.0,,3871.0,AT&T Stadium,Arlington,United States,2026-06-14 20:00:00+00:00,,"2026 FIFA World Cup, Group Stage",Stage,FIFA World CupStage,True,True,Netherlands,Japan,,,0,0,14,6,2026,20,Sunday,84519.0,74824.0
760426,459.0,2620.0,Belgium,Egypt,BEL,EGY,FIFA World Cup,FIFA World Cup,0.0,0.0,,4485.0,Lumen Field,Seattle,United States,2026-06-15 19:00:00+00:00,,"2026 FIFA World Cup, Group Stage",Stage,FIFA World CupStage,True,True,Belgium,Egypt,,,0,0,15,6,2026,19,Monday,69314.0,56948.0
760427,469.0,2666.0,Iran,New Zealand,IRN,NZL,FIFA World Cup,FIFA World Cup,0.0,0.0,,9115.0,SoFi Stadium,Inglewood,United States,2026-06-16 01:00:00+00:00,,"2026 FIFA World Cup, Group Stage",Stage,FIFA World CupStage,True,True,Iran,New Zealand,,,0,0,16,6,2026,1,Tuesday,72963.0,63374.0
760428,164.0,2597.0,Spain,Cape Verde,ESP,CPV,FIFA World Cup,FIFA World Cup,0.0,0.0,,7485.0,Mercedes-Benz Stadium,Atlanta,United States,2026-06-15 16:00:00+00:00,,"2026 FIFA World Cup, Group Stage",Stage,FIFA World CupStage,True,True,Spain,Cape Verde,,,0,0,15,6,2026,16,Monday,73019.0,57258.0
760429,655.0,212.0,Saudi Arabia,Uruguay,KSA,URU,FIFA World Cup,FIFA World Cup,0.0,0.0,,4643.0,Hard Rock Stadium,Miami Gardens,United States,2026-06-15 22:00:00+00:00,,"2026 FIFA World Cup, Group Stage",Stage,FIFA World CupStage,True,True,Saudi Arabia,Uruguay,,,0,0,15,6,2026,22,Monday,65326.0,58140.0
760430,4375.0,464.0,Iraq,Norway,IP2,NOR,FIFA World Cup,FIFA World Cup,0.0,0.0,,3879.0,Gillette Stadium,Foxborough,United States,2026-06-16 22:00:00+00:00,,"2026 FIFA World Cup, Group Stage",Stage,FIFA World CupStage,True,True,Iraq,Norway,,,0,0,16,6,2026,22,Tuesday,65612.0,41798.0
760431,474.0,2917.0,Austria,Jordan,AUT,JOR,FIFA World Cup,FIFA World Cup,0.0,0.0,,5960.0,Levi's Stadium,Santa Clara,United States,2026-06-17 04:00:00+00:00,,"2026 FIFA World Cup, Group Stage",Stage,FIFA World CupStage,True,True,Austria,Jordan,,,0,0,17,6,2026,4,Wednesday,70975.0,60252.0
760432,478.0,654.0,France,Senegal,FRA,SEN,FIFA World Cup,FIFA World Cup,0.0,0.0,,4727.0,MetLife Stadium,East Rutherford,United States,2026-06-16 19:00:00+00:00,,"2026 FIFA World Cup, Group Stage",Stage,FIFA World CupStage,True,True,France,Senegal,,,0,0,16,6,2026,19,Tuesday,82262.0,75528.0
760433,202.0,624.0,Argentina,Algeria,ARG,ALG,FIFA World Cup,FIFA World Cup,0.0,0.0,,1413.0,GEHA Field at Arrowhead Stadium,Kansas City,United States,2026-06-17 01:00:00+00:00,,"2026 FIFA World Cup, Group Stage",Stage,FIFA World CupStage,True,True,Argentina,Algeria,,,0,0,17,6,2026,1,Wednesday,72610.0,67467.0
760434,4469.0,2659.0,Ghana,Panama,GHA,PAN,FIFA World Cup,FIFA World Cup,0.0,0.0,,10143.0,BMO Field,Toronto,Canada,2026-06-17 23:00:00+00:00,,"2026 FIFA World Cup, Group Stage",Stage,FIFA World CupStage,True,True,Ghana,Panama,,,0,0,17,6,2026,23,Wednesday,45000.0,38587.0
760435,482.0,2850.0,Portugal,Congo DR,POR,IP1,FIFA World Cup,FIFA World Cup,0.0,0.0,,6262.0,NRG Stadium,Houston,United States,2026-06-17 17:00:00+00:00,,"2026 FIFA World Cup, Group Stage",Stage,FIFA World CupStage,True,True,Portugal,Congo DR,,,0,0,17,6,2026,17,Wednesday,70925.0,64633.0
760436,2570.0,208.0,Uzbekistan,Colombia,UZB,COL,FIFA World Cup,FIFA World Cup,0.0,0.0,,1672.0,Estadio Banorte,Mexico City,Mexico,2026-06-18 02:00:00+00:00,,"2026 FIFA World Cup, Group Stage",Stage,FIFA World CupStage,True,True,Uzbekistan,Colombia,,,0,0,18,6,2026,2,Thursday,87000.0,65359.0
760437,448.0,477.0,England,Croatia,ENG,CRO,FIFA World Cup,FIFA World Cup,0.0,0.0,,3871.0,AT&T Stadium,Arlington,United States,2026-06-17 20:00:00+00:00,,"2026 FIFA World Cup, Group Stage",Stage,FIFA World CupStage,True,True,England,Croatia,,,0,0,17,6,2026,20,Wednesday,84519.0,76741.0
760438,450.0,467.0,Czechia,South Africa,PPD,RSA,FIFA World Cup,FIFA World Cup,0.0,0.0,,7485.0,Mercedes-Benz Stadium,Atlanta,United States,2026-06-18 16:00:00+00:00,,"2026 FIFA World Cup, Group Stage",Stage,FIFA World CupStage,True,True,Czechia,South Africa,,,0,0,18,6,2026,16,Thursday,73019.0,56916.0
760439,475.0,452.0,Switzerland,Bosnia and Herzegovina,SUI,PPA,FIFA World Cup,FIFA World Cup,0.0,0.0,,9115.0,SoFi Stadium,Inglewood,United States,2026-06-18 19:00:00+00:00,,"2026 FIFA World Cup, Group Stage",Stage,FIFA World CupStage,True,True,Switzerland,Bosnia and Herzegovina,,,0,0,18,6,2026,19,Thursday,72963.0,65041.0
760440,206.0,4398.0,Canada,Qatar,CAN,QAT,FIFA World Cup,FIFA World Cup,0.0,0.0,,4370.0,BC Place,Vancouver,Canada,2026-06-18 22:00:00+00:00,,"2026 FIFA World Cup, Group Stage",Stage,FIFA World CupStage,True,True,Canada,Qatar,,,1,0,18,6,2026,22,Thursday,53957.0,47239.0
760441,203.0,451.0,Mexico,South Korea,MEX,KOR,FIFA World Cup,FIFA World Cup,0.0,0.0,,5009.0,Estadio Akron,Guadalajara,Mexico,2026-06-19 01:00:00+00:00,,"2026 FIFA World Cup, Group Stage",Stage,FIFA World CupStage,True,True,Mexico,South Korea,,,1,0,19,6,2026,1,Friday,46232.0,45249.0
760442,660.0,628.0,United States,Australia,USA,AUS,FIFA World Cup,FIFA World Cup,0.0,0.0,,4485.0,Lumen Field,Seattle,United States,2026-06-19 19:00:00+00:00,,"2026 FIFA World Cup, Group Stage",Stage,FIFA World CupStage,True,True,United States,Australia,,,1,0,19,6,2026,19,Friday,69314.0,62077.0
760443,465.0,210.0,Türkiye,Paraguay,PPC,PAR,FIFA World Cup,FIFA World Cup,0.0,0.0,,5960.0,Levi's Stadium,Santa Clara,United States,2026-06-20 04:00:00+00:00,,"2026 FIFA World Cup, Group Stage",Stage,FIFA World CupStage,True,True,Türkiye,Paraguay,,,0,0,20,6,2026,4,Saturday,70975.0,61795.0
760444,205.0,2654.0,Brazil,Haiti,BRA,HAI,FIFA World Cup,FIFA World Cup,0.0,0.0,,1421.0,Lincoln Financial Field,Philadelphia,United States,2026-06-20 01:00:00+00:00,,"2026 FIFA World Cup, Group Stage",Stage,FIFA World CupStage,True,True,Brazil,Haiti,,,0,0,20,6,2026,1,Saturday,69879.0,57666.0
760445,580.0,2869.0,Scotland,Morocco,SCO,MAR,FIFA World Cup,FIFA World Cup,0.0,0.0,,3879.0,Gillette Stadium,Foxborough,United States,2026-06-19 22:00:00+00:00,,"2026 FIFA World Cup, Group Stage",Stage,FIFA World CupStage,True,True,Scotland,Morocco,,,0,0,19,6,2026,22,Friday,65612.0,53947.0
760446,209.0,11678.0,Ecuador,Curacao,ECU,CUR,FIFA World Cup,FIFA World Cup,0.0,0.0,,1413.0,GEHA Field at Arrowhead Stadium,Kansas City,United States,2026-06-21 00:00:00+00:00,,"2026 FIFA World Cup, Group Stage",Stage,FIFA World CupStage,True,True,Ecuador,Curacao,,,0,0,21,6,2026,0,Sunday,72610.0,63099.0
760447,449.0,466.0,Netherlands,Sweden,NED,PPB,FIFA World Cup,FIFA World Cup,0.0,0.0,,6262.0,NRG Stadium,Houston,United States,2026-06-20 17:00:00+00:00,,"2026 FIFA World Cup, Group Stage",Stage,FIFA World CupStage,True,True,Netherlands,Sweden,,,0,0,20,6,2026,17,Saturday,70925.0,66918.0
760448,481.0,4789.0,Germany,Ivory Coast,GER,CIV,FIFA World Cup,FIFA World Cup,0.0,0.0,,10143.0,BMO Field,Toronto,Canada,2026-06-20 20:00:00+00:00,,"2026 FIFA World Cup, Group Stage",Stage,FIFA World CupStage,True,True,Germany,Ivory Coast,,,0,0,20,6,2026,20,Saturday,45000.0,40067.0
760449,659.0,627.0,Tunisia,Japan,TUN,JPN,FIFA World Cup,FIFA World Cup,0.0,0.0,,6351.0,Estadio BBVA,Guadalupe,Mexico,2026-06-21 04:00:00+00:00,,"2026 FIFA World Cup, Group Stage",Stage,FIFA World CupStage,True,True,Tunisia,Japan,,,0,0,21,6,2026,4,Sunday,53454.0,51607.0
760450,212.0,2597.0,Uruguay,Cape Verde,URU,CPV,FIFA World Cup,FIFA World Cup,0.0,0.0,,4643.0,Hard Rock Stadium,Miami Gardens,United States,2026-06-21 22:00:00+00:00,,"2026 FIFA World Cup, Group Stage",Stage,FIFA World CupStage,True,True,Uruguay,Cape Verde,,,0,0,21,6,2026,22,Sunday,65326.0,56223.0
760451,459.0,469.0,Belgium,Iran,BEL,IRN,FIFA World Cup,FIFA World Cup,0.0,0.0,,9115.0,SoFi Stadium,Inglewood,United States,2026-06-21 19:00:00+00:00,,"2026 FIFA World Cup, Group Stage",Stage,FIFA World CupStage,True,True,Belgium,Iran,,,0,0,21,6,2026,19,Sunday,72963.0,65450.0
760452,2666.0,2620.0,New Zealand,Egypt,NZL,EGY,FIFA World Cup,FIFA World Cup,0.0,0.0,,4370.0,BC Place,Vancouver,Canada,2026-06-22 01:00:00+00:00,,"2026 FIFA World Cup, Group Stage",Stage,FIFA World CupStage,True,True,New Zealand,Egypt,,,0,0,22,6,2026,1,Monday,53957.0,42471.0
760453,164.0,655.0,Spain,Saudi Arabia,ESP,KSA,FIFA World Cup,FIFA World Cup,0.0,0.0,,7485.0,Mercedes-Benz Stadium,Atlanta,United States,2026-06-21 16:00:00+00:00,,"2026 FIFA World Cup, Group Stage",Stage,FIFA World CupStage,True,True,Spain,Saudi Arabia,,,0,0,21,6,2026,16,Sunday,73019.0,61009.0
760454,464.0,654.0,Norway,Senegal,NOR,SEN,FIFA World Cup,FIFA World Cup,0.0,0.0,,4727.0,MetLife Stadium,East Rutherford,United States,2026-06-23 00:00:00+00:00,,"2026 FIFA World Cup, Group Stage",Stage,FIFA World CupStage,True,True,Norway,Senegal,,,0,0,23,6,2026,0,Tuesday,82262.0,70748.0
760455,2917.0,624.0,Jordan,Algeria,JOR,ALG,FIFA World Cup,FIFA World Cup,0.0,0.0,,5960.0,Levi's Stadium,Santa Clara,United States,2026-06-23 03:00:00+00:00,,"2026 FIFA World Cup, Group Stage",Stage,FIFA World CupStage,True,True,Jordan,Algeria,,,0,0,23,6,2026,3,Tuesday,70975.0,60622.0
760456,202.0,474.0,Argentina,Austria,ARG,AUT,FIFA World Cup,FIFA World Cup,0.0,0.0,,3871.0,AT&T Stadium,Arlington,United States,2026-06-22 17:00:00+00:00,,"2026 FIFA World Cup, Group Stage",Stage,FIFA World CupStage,True,True,Argentina,Austria,,,0,0,22,6,2026,17,Monday,84519.0,73404.0
760457,478.0,4375.0,France,Iraq,FRA,IP2,FIFA World Cup,FIFA World Cup,0.0,0.0,,1421.0,Lincoln Financial Field,Philadelphia,United States,2026-06-22 21:00:00+00:00,,"2026 FIFA World Cup, Group Stage",Stage,FIFA World CupStage,True,True,France,Iraq,,,0,0,22,6,2026,21,Monday,69879.0,57666.0
760458,448.0,4469.0,England,Ghana,ENG,GHA,FIFA World Cup,FIFA World Cup,0.0,0.0,,3879.0,Gillette Stadium,Foxborough,United States,2026-06-23 20:00:00+00:00,,"2026 FIFA World Cup, Group Stage",Stage,FIFA World CupStage,True,True,England,Ghana,,,0,0,23,6,2026,20,Tuesday,65612.0,56457.0
760459,208.0,2850.0,Colombia,Congo DR,COL,IP1,FIFA World Cup,FIFA World Cup,0.0,0.0,,5009.0,Estadio Akron,Guadalajara,Mexico,2026-06-24 02:00:00+00:00,,"2026 FIFA World Cup, Group Stage",Stage,FIFA World CupStage,True,True,Colombia,Congo DR,,,0,0,24,6,2026,2,Wednesday,46232.0,42806.0
760460,2659.0,477.0,Panama,Croatia,PAN,CRO,FIFA World Cup,FIFA World Cup,0.0,0.0,,10143.0,BMO Field,Toronto,Canada,2026-06-23 23:00:00+00:00,,"2026 FIFA World Cup, Group Stage",Stage,FIFA World CupStage,True,True,Panama,Croatia,,,0,0,23,6,2026,23,Tuesday,45000.0,39269.0
760461,482.0,2570.0,Portugal,Uzbekistan,POR,UZB,FIFA World Cup,FIFA World Cup,0.0,0.0,,6262.0,NRG Stadium,Houston,United States,2026-06-23 17:00:00+00:00,,"2026 FIFA World Cup, Group Stage",Stage,FIFA World CupStage,True,True,Portugal,Uzbekistan,,,0,0,23,6,2026,17,Tuesday,70925.0,63758.0
760462,452.0,4398.0,Bosnia and Herzegovina,Qatar,PPA,QAT,FIFA World Cup,FIFA World Cup,0.0,0.0,,4485.0,Lumen Field,Seattle,United States,2026-06-24 19:00:00+00:00,,"2026 FIFA World Cup, Group Stage",Stage,FIFA World CupStage,True,True,Bosnia and Herzegovina,Qatar,,,0,0,24,6,2026,19,Wednesday,69314.0,52236.0
760463,475.0,206.0,Switzerland,Canada,SUI,CAN,FIFA World Cup,FIFA World Cup,0.0,0.0,,4370.0,BC Place,Vancouver,Canada,2026-06-24 19:00:00+00:00,,"2026 FIFA World Cup, Group Stage",Stage,FIFA World CupStage,True,True,Switzerland,Canada,,,0,1,24,6,2026,19,Wednesday,53957.0,50573.0
760464,2869.0,2654.0,Morocco,Haiti,MAR,HAI,FIFA World Cup,FIFA World Cup,0.0,0.0,,7485.0,Mercedes-Benz Stadium,Atlanta,United States,2026-06-24 22:00:00+00:00,,"2026 FIFA World Cup, Group Stage",Stage,FIFA World CupStage,True,True,Morocco,Haiti,,,0,0,24,6,2026,22,Wednesday,73019.0,57665.0
760465,580.0,205.0,Scotland,Brazil,SCO,BRA,FIFA World Cup,FIFA World Cup,0.0,0.0,,4643.0,Hard Rock Stadium,Miami Gardens,United States,2026-06-24 22:00:00+00:00,,"2026 FIFA World Cup, Group Stage",Stage,FIFA World CupStage,True,True,Scotland,Brazil,,,0,0,24,6,2026,22,Wednesday,65326.0,60916.0
760466,467.0,451.0,South Africa,South Korea,RSA,KOR,FIFA World Cup,FIFA World Cup,0.0,0.0,,6351.0,Estadio BBVA,Guadalupe,Mexico,2026-06-25 01:00:00+00:00,,"2026 FIFA World Cup, Group Stage",Stage,FIFA World CupStage,True,True,South Africa,South Korea,,,0,0,25,6,2026,1,Thursday,53454.0,50996.0
760467,450.0,203.0,Czechia,Mexico,PPD,MEX,FIFA World Cup,FIFA World Cup,0.0,0.0,,1672.0,Estadio Banorte,Mexico City,Mexico,2026-06-25 01:00:00+00:00,,"2026 FIFA World Cup, Group Stage",Stage,FIFA World CupStage,True,True,Czechia,Mexico,,,0,1,25,6,2026,1,Thursday,87000.0,70152.0
760468,209.0,481.0,Ecuador,Germany,ECU,GER,FIFA World Cup,FIFA World Cup,0.0,0.0,,4727.0,MetLife Stadium,East Rutherford,United States,2026-06-25 20:00:00+00:00,,"2026 FIFA World Cup, Group Stage",Stage,FIFA World CupStage,True,True,Ecuador,Germany,,,0,0,25,6,2026,20,Thursday,82262.0,79338.0
760469,210.0,628.0,Paraguay,Australia,PAR,AUS,FIFA World Cup,FIFA World Cup,0.0,0.0,,5960.0,Levi's Stadium,Santa Clara,United States,2026-06-26 02:00:00+00:00,,"2026 FIFA World Cup, Group Stage",Stage,FIFA World CupStage,True,True,Paraguay,Australia,,,0,0,26,6,2026,2,Friday,70975.0,62012.0
760470,465.0,660.0,Türkiye,United States,PPC,USA,FIFA World Cup,FIFA World Cup,0.0,0.0,,9115.0,SoFi Stadium,Inglewood,United States,2026-06-26 02:00:00+00:00,,"2026 FIFA World Cup, Group Stage",Stage,FIFA World CupStage,True,True,Türkiye,United States,,,0,1,26,6,2026,2,Friday,72963.0,70214.0
760471,627.0,466.0,Japan,Sweden,JPN,PPB,FIFA World Cup,FIFA World Cup,0.0,0.0,,3871.0,AT&T Stadium,Arlington,United States,2026-06-25 23:00:00+00:00,,"2026 FIFA World Cup, Group Stage",Stage,FIFA World CupStage,True,True,Japan,Sweden,,,0,0,25,6,2026,23,Thursday,84519.0,73524.0
760472,659.0,449.0,Tunisia,Netherlands,TUN,NED,FIFA World Cup,FIFA World Cup,0.0,0.0,,1413.0,GEHA Field at Arrowhead Stadium,Kansas City,United States,2026-06-25 23:00:00+00:00,,"2026 FIFA World Cup, Group Stage",Stage,FIFA World CupStage,True,True,Tunisia,Netherlands,,,0,0,25,6,2026,23,Thursday,72610.0,67299.0
760473,11678.0,4789.0,Curacao,Ivory Coast,CUR,CIV,FIFA World Cup,FIFA World Cup,0.0,0.0,,1421.0,Lincoln Financial Field,Philadelphia,United States,2026-06-25 20:00:00+00:00,,"2026 FIFA World Cup, Group Stage",Stage,FIFA World CupStage,True,True,Curacao,Ivory Coast,,,0,0,25,6,2026,20,Thursday,69879.0,52650.0
760474,654.0,4375.0,Senegal,Iraq,SEN,IP2,FIFA World Cup,FIFA World Cup,0.0,0.0,,10143.0,BMO Field,Toronto,Canada,2026-06-26 19:00:00+00:00,,"2026 FIFA World Cup, Group Stage",Stage,FIFA World CupStage,True,True,Senegal,Iraq,,,0,0,26,6,2026,19,Friday,45000.0,35330.0
760475,464.0,478.0,Norway,France,NOR,FRA,FIFA World Cup,FIFA World Cup,0.0,0.0,,3879.0,Gillette Stadium,Foxborough,United States,2026-06-26 19:00:00+00:00,,"2026 FIFA World Cup, Group Stage",Stage,FIFA World CupStage,True,True,Norway,France,,,0,0,26,6,2026,19,Friday,65612.0,52334.0
760476,2620.0,469.0,Egypt,Iran,EGY,IRN,FIFA World Cup,FIFA World Cup,0.0,0.0,,4485.0,Lumen Field,Seattle,United States,2026-06-27 03:00:00+00:00,,"2026 FIFA World Cup, Group Stage",Stage,FIFA World CupStage,True,True,Egypt,Iran,,,0,0,27,6,2026,3,Saturday,69314.0,54862.0
760477,2666.0,459.0,New Zealand,Belgium,NZL,BEL,FIFA World Cup,FIFA World Cup,0.0,0.0,,4370.0,BC Place,Vancouver,Canada,2026-06-27 03:00:00+00:00,,"2026 FIFA World Cup, Group Stage",Stage,FIFA World CupStage,True,True,New Zealand,Belgium,,,0,0,27,6,2026,3,Saturday,53957.0,44444.0
760478,2597.0,655.0,Cape Verde,Saudi Arabia,CPV,KSA,FIFA World Cup,FIFA World Cup,0.0,0.0,,6262.0,NRG Stadium,Houston,United States,2026-06-27 00:00:00+00:00,,"2026 FIFA World Cup, Group Stage",Stage,FIFA World CupStage,True,True,Cape Verde,Saudi Arabia,,,0,0,27,6,2026,0,Saturday,70925.0,58141.0
760479,212.0,164.0,Uruguay,Spain,URU,ESP,FIFA World Cup,FIFA World Cup,0.0,0.0,,5009.0,Estadio Akron,Guadalajara,Mexico,2026-06-27 00:00:00+00:00,,"2026 FIFA World Cup, Group Stage",Stage,FIFA World CupStage,True,True,Uruguay,Spain,,,0,0,27,6,2026,0,Saturday,46232.0,44888.0
760480,477.0,4469.0,Croatia,Ghana,CRO,GHA,FIFA World Cup,FIFA World Cup,0.0,0.0,,1421.0,Lincoln Financial Field,Philadelphia,United States,2026-06-27 21:00:00+00:00,,"2026 FIFA World Cup, Group Stage",Stage,FIFA World CupStage,True,True,Croatia,Ghana,,,0,0,27,6,2026,21,Saturday,69879.0,58551.0
760481,208.0,482.0,Colombia,Portugal,COL,POR,FIFA World Cup,FIFA World Cup,0.0,0.0,,4643.0,Hard Rock Stadium,Miami Gardens,United States,2026-06-27 23:30:00+00:00,,"2026 FIFA World Cup, Group Stage",Stage,FIFA World CupStage,True,True,Colombia,Portugal,,,0,0,27,6,2026,23,Saturday,65326.0,61648.0
760482,2850.0,2570.0,Congo DR,Uzbekistan,IP1,UZB,FIFA World Cup,FIFA World Cup,0.0,0.0,,7485.0,Mercedes-Benz Stadium,Atlanta,United States,2026-06-27 23:30:00+00:00,,"2026 FIFA World Cup, Group Stage",Stage,FIFA World CupStage,True,True,Congo DR,Uzbekistan,,,0,0,27,6,2026,23,Saturday,73019.0,54971.0
760483,2917.0,202.0,Jordan,Argentina,JOR,ARG,FIFA World Cup,FIFA World Cup,0.0,0.0,,3871.0,AT&T Stadium,Arlington,United States,2026-06-28 02:00:00+00:00,,"2026 FIFA World Cup, Group Stage",Stage,FIFA World CupStage,True,True,Jordan,Argentina,,,0,0,28,6,2026,2,Sunday,84519.0,72822.0
760484,624.0,474.0,Algeria,Austria,ALG,AUT,FIFA World Cup,FIFA World Cup,0.0,0.0,,1413.0,GEHA Field at Arrowhead Stadium,Kansas City,United States,2026-06-28 02:00:00+00:00,,"2026 FIFA World Cup, Group Stage",Stage,FIFA World CupStage,True,True,Algeria,Austria,,,0,0,28,6,2026,2,Sunday,72610.0,64981.0
760485,2659.0,448.0,Panama,England,PAN,ENG,FIFA World Cup,FIFA World Cup,0.0,0.0,,4727.0,MetLife Stadium,East Rutherford,United States,2026-06-27 21:00:00+00:00,,"2026 FIFA World Cup, Group Stage",Stage,FIFA World CupStage,True,True,Panama,England,,,0,0,27,6,2026,21,Saturday,82262.0,76743.0
760486,450.0,452.0,Czechia,Bosnia and Herzegovina,2A,2B,FIFA World Cup,FIFA World Cup,0.0,0.0,,9115.0,SoFi Stadium,Inglewood,United States,2026-06-28 19:00:00+00:00,,"2026 FIFA World Cup, Round of 32",16,FIFA World Cup16,True,True,Czechia,Bosnia and Herzegovina,,,0,0,28,6,2026,19,Sunday,72963.0,63460.0
760487,2869.0,627.0,Morocco,Japan,1C,2F,FIFA World Cup,FIFA World Cup,0.0,0.0,,6262.0,NRG Stadium,Houston,United States,2026-06-29 17:00:00+00:00,,"2026 FIFA World Cup, Round of 32",16,FIFA World Cup16,True,True,Morocco,Japan,,,0,0,29,6,2026,17,Monday,70925.0,65337.0
760488,449.0,205.0,Netherlands,Brazil,1F,2C,FIFA World Cup,FIFA World Cup,0.0,0.0,,6351.0,Estadio BBVA,Guadalupe,Mexico,2026-06-30 01:00:00+00:00,,"2026 FIFA World Cup, Round of 32",16,FIFA World Cup16,True,True,Netherlands,Brazil,,,0,0,30,6,2026,1,Tuesday,53454.0,53030.0
760489,481.0,580.0,Germany,Scotland,1E,3RD,FIFA World Cup,FIFA World Cup,0.0,0.0,,3879.0,Gillette Stadium,Foxborough,United States,2026-06-29 20:30:00+00:00,,"2026 FIFA World Cup, Round of 32",16,FIFA World Cup16,True,True,Germany,Scotland,,,0,0,29,6,2026,20,Monday,65612.0,55578.0
760490,4789.0,654.0,Ivory Coast,Senegal,2E,GI2,FIFA World Cup,FIFA World Cup,0.0,0.0,,3871.0,AT&T Stadium,Arlington,United States,2026-06-30 17:00:00+00:00,,"2026 FIFA World Cup, Round of 32",16,FIFA World Cup16,True,True,Ivory Coast,Senegal,,,0,0,30,6,2026,17,Tuesday,84519.0,68929.0
760491,203.0,655.0,Mexico,Saudi Arabia,1A,3RD,FIFA World Cup,FIFA World Cup,0.0,0.0,,1672.0,Estadio Banorte,Mexico City,Mexico,2026-07-01 01:00:00+00:00,,"2026 FIFA World Cup, Round of 32",16,FIFA World Cup16,True,True,Mexico,Saudi Arabia,,,1,0,1,7,2026,1,Wednesday,87000.0,70825.0
760492,478.0,466.0,France,Sweden,GIW,3RD,FIFA World Cup,FIFA World Cup,0.0,0.0,,4727.0,MetLife Stadium,East Rutherford,United States,2026-06-30 21:00:00+00:00,,"2026 FIFA World Cup, Round of 32",16,FIFA World Cup16,True,True,France,Sweden,,,0,0,30,6,2026,21,Tuesday,82262.0,81251.0
760493,459.0,467.0,Belgium,South Africa,1G,3RD,FIFA World Cup,FIFA World Cup,0.0,0.0,,4485.0,Lumen Field,Seattle,United States,2026-07-01 20:00:00+00:00,,"2026 FIFA World Cup, Round of 32",16,FIFA World Cup16,True,True,Belgium,South Africa,,,0,0,1,7,2026,20,Wednesday,69314.0,55666.0
760494,660.0,4398.0,United States,Qatar,1D,3RD,FIFA World Cup,FIFA World Cup,0.0,0.0,,5960.0,Levi's Stadium,Santa Clara,United States,2026-07-02 00:00:00+00:00,,"2026 FIFA World Cup, Round of 32",16,FIFA World Cup16,True,True,United States,Qatar,,,1,0,2,7,2026,0,Thursday,70975.0,63804.0
760495,477.0,464.0,Croatia,Norway,GLW,3RD,FIFA World Cup,FIFA World Cup,0.0,0.0,,7485.0,Mercedes-Benz Stadium,Atlanta,United States,2026-07-01 16:00:00+00:00,,"2026 FIFA World Cup, Round of 32",16,FIFA World Cup16,True,True,Croatia,Norway,,,0,0,1,7,2026,16,Wednesday,73019.0,57381.0
760496,208.0,448.0,Colombia,England,GK2,GL2,FIFA World Cup,FIFA World Cup,0.0,0.0,,10143.0,BMO Field,Toronto,Canada,2026-07-02 23:00:00+00:00,,"2026 FIFA World Cup, Round of 32",16,FIFA World Cup16,True,True,Colombia,England,,,0,0,2,7,2026,23,Thursday,45000.0,43812.0
760497,164.0,624.0,Spain,Algeria,1H,GJ2,FIFA World Cup,FIFA World Cup,0.0,0.0,,9115.0,SoFi Stadium,Inglewood,United States,2026-07-02 19:00:00+00:00,,"2026 FIFA World Cup, Round of 32",16,FIFA World Cup16,True,True,Spain,Algeria,,,0,0,2,7,2026,19,Thursday,72963.0,67663.0
760498,475.0,209.0,Switzerland,Ecuador,1B,3RD,FIFA World Cup,FIFA World Cup,0.0,0.0,,4370.0,BC Place,Vancouver,Canada,2026-07-03 03:00:00+00:00,,"2026 FIFA World Cup, Round of 32",16,FIFA World Cup16,True,True,Switzerland,Ecuador,,,0,0,3,7,2026,3,Friday,53957.0,46480.0
760499,465.0,2620.0,Türkiye,Egypt,2D,2G,FIFA World Cup,FIFA World Cup,0.0,0.0,,3871.0,AT&T Stadium,Arlington,United States,2026-07-03 18:00:00+00:00,,"2026 FIFA World Cup, Round of 32",16,FIFA World Cup16,True,True,Türkiye,Egypt,,,0,0,3,7,2026,18,Friday,84519.0,70570.0
760500,202.0,212.0,Argentina,Uruguay,GJW,2H,FIFA World Cup,FIFA World Cup,0.0,0.0,,4643.0,Hard Rock Stadium,Miami Gardens,United States,2026-07-03 22:00:00+00:00,,"2026 FIFA World Cup, Round of 32",16,FIFA World Cup16,True,True,Argentina,Uruguay,,,0,0,3,7,2026,22,Friday,65326.0,62140.0
760501,482.0,628.0,Portugal,Australia,GKW,3RD,FIFA World Cup,FIFA World Cup,0.0,0.0,,1413.0,GEHA Field at Arrowhead Stadium,Kansas City,United States,2026-07-04 01:30:00+00:00,,"2026 FIFA World Cup, Round of 32",16,FIFA World Cup16,True,True,Portugal,Australia,,,0,0,4,7,2026,1,Saturday,72610.0,67796.0
760502,450.0,205.0,Czechia,Brazil,RD32,RD32,FIFA World Cup,FIFA World Cup,0.0,0.0,,6262.0,NRG Stadium,Houston,United States,2026-07-04 17:00:00+00:00,,"2026 FIFA World Cup, Round of 16",16,FIFA World Cup16,True,True,Czechia,Brazil,,,0,0,4,7,2026,17,Saturday,70925.0,66378.0
760503,481.0,478.0,Germany,France,RD32,RD32,FIFA World Cup,FIFA World Cup,0.0,0.0,,1421.0,Lincoln Financial Field,Philadelphia,United States,2026-07-04 21:00:00+00:00,,"2026 FIFA World Cup, Round of 16",16,FIFA World Cup16,True,True,Germany,France,,,0,0,4,7,2026,21,Saturday,69879.0,61758.0
760504,2869.0,654.0,Morocco,Senegal,RD32,RD32,FIFA World Cup,FIFA World Cup,0.0,0.0,,4727.0,MetLife Stadium,East Rutherford,United States,2026-07-05 20:00:00+00:00,,"2026 FIFA World Cup, Round of 16",16,FIFA World Cup16,True,True,Morocco,Senegal,,,0,0,5,7,2026,20,Sunday,82262.0,77182.0
760505,203.0,477.0,Mexico,Croatia,RD32,RD32,FIFA World Cup,FIFA World Cup,0.0,0.0,,1672.0,Estadio Banorte,Mexico City,Mexico,2026-07-06 00:00:00+00:00,,"2026 FIFA World Cup, Round of 16",16,FIFA World Cup16,True,True,Mexico,Croatia,,,1,0,6,7,2026,0,Monday,87000.0,72916.0
760506,448.0,164.0,England,Spain,RD32,RD32,FIFA World Cup,FIFA World Cup,0.0,0.0,,3871.0,AT&T Stadium,Arlington,United States,2026-07-06 19:00:00+00:00,,"2026 FIFA World Cup, Round of 16",16,FIFA World Cup16,True,True,England,Spain,,,0,0,6,7,2026,19,Monday,84519.0,77507.0
760507,660.0,459.0,United States,Belgium,RD32,RD32,FIFA World Cup,FIFA World Cup,0.0,0.0,,4485.0,Lumen Field,Seattle,United States,2026-07-07 00:00:00+00:00,,"2026 FIFA World Cup, Round of 16",16,FIFA World Cup16,True,True,United States,Belgium,,,1,0,7,7,2026,0,Tuesday,69314.0,62074.0
760508,209.0,482.0,Ecuador,Portugal,RD32,RD32,FIFA World Cup,FIFA World Cup,0.0,0.0,,4370.0,BC Place,Vancouver,Canada,2026-07-07 20:00:00+00:00,,"2026 FIFA World Cup, Round of 16",16,FIFA World Cup16,True,True,Ecuador,Portugal,,,0,0,7,7,2026,20,Tuesday,53957.0,49226.0
760509,202.0,465.0,Argentina,Türkiye,RD32,RD32,FIFA World Cup,FIFA World Cup,0.0,0.0,,7485.0,Mercedes-Benz Stadium,Atlanta,United States,2026-07-07 16:00:00+00:00,,"2026 FIFA World Cup, Round of 16",16,FIFA World Cup16,True,True,Argentina,Türkiye,,,0,0,7,7,2026,16,Tuesday,73019.0,61146.0
760510,481.0,205.0,Germany,Brazil,RD16 W1,RD16 W2,FIFA World Cup,FIFA World Cup,0.0,0.0,,3879.0,Gillette Stadium,Foxborough,United States,2026-07-09 20:00:00+00:00,,"2026 FIFA World Cup, Quarterfinals",Quarterfinals,FIFA World CupQuarterfinals,True,True,Germany,Brazil,,,0,0,9,7,2026,20,Thursday,65612.0,57146.0
760511,448.0,459.0,England,Belgium,RD16 W5,RD16 W6,FIFA World Cup,FIFA World Cup,0.0,0.0,,9115.0,SoFi Stadium,Inglewood,United States,2026-07-10 19:00:00+00:00,,"2026 FIFA World Cup, Quarterfinals",Quarterfinals,FIFA World CupQuarterfinals,True,True,England,Belgium,,,0,0,10,7,2026,19,Friday,72963.0,68026.0
760512,654.0,477.0,Senegal,Croatia,RD16 W3,RD16 W4,FIFA World Cup,FIFA World Cup,0.0,0.0,,4643.0,Hard Rock Stadium,Miami Gardens,United States,2026-07-11 21:00:00+00:00,,"2026 FIFA World Cup, Quarterfinals",Quarterfinals,FIFA World CupQuarterfinals,True,True,Senegal,Croatia,,,0,0,11,7,2026,21,Saturday,65326.0,57038.0
760513,202.0,482.0,Argentina,Portugal,RD16 W7,RD16 W8,FIFA World Cup,FIFA World Cup,0.0,0.0,,1413.0,GEHA Field at Arrowhead Stadium,Kansas City,United States,2026-07-12 01:00:00+00:00,,"2026 FIFA World Cup, Quarterfinals",Quarterfinals,FIFA World CupQuarterfinals,True,True,Argentina,Portugal,,,0,0,12,7,2026,1,Sunday,72610.0,69749.0
760514,481.0,448.0,Germany,England,QFW1,QFW2,FIFA World Cup,FIFA World Cup,0.0,0.0,,3871.0,AT&T Stadium,Arlington,United States,2026-07-14 19:00:00+00:00,,"2026 FIFA World Cup, Semifinals",Semifinals,FIFA World CupSemifinals,True,True,Germany,England,,,0,0,14,7,2026,19,Tuesday,84519.0,77776.0
760515,477.0,482.0,Croatia,Portugal,QFW3,QW4,FIFA World Cup,FIFA World Cup,0.0,0.0,,7485.0,Mercedes-Benz Stadium,Atlanta,United States,2026-07-15 19:00:00+00:00,,"2026 FIFA World Cup, Semifinals",Semifinals,FIFA World CupSemifinals,True,True,Croatia,Portugal,,,0,0,15,7,2026,19,Wednesday,73019.0,65469.0
760516,477.0,448.0,Croatia,England,SF L1,SF L2,FIFA World Cup,FIFA World Cup,0.0,0.0,,4643.0,Hard Rock Stadium,Miami Gardens,United States,2026-07-18 21:00:00+00:00,,"2026 FIFA World Cup, 3rd-Place Match",Place,FIFA World CupPlace,True,True,Croatia,England,,,0,0,18,7,2026,21,Saturday,65326.0,60696.0
760517,481.0,482.0,Germany,Portugal,SFW1,SFW2,FIFA World Cup,FIFA World Cup,0.0,0.0,,4727.0,MetLife Stadium,East Rutherford,United States,2026-07-19 19:00:00+00:00,,"2026 FIFA World Cup, Final",Final,FIFA World CupFinal,True,True,Germany,Portugal,,,0,0,19,7,2026,19,Sunday,82262.0,84385.0
